grupo;cnpj_v2;razao_social;areas_no_v1;ativo_v1;situacao_v1
ALVO;30686869000100;CINCO ESTRELAS CONSTRUTORA E INCORPORADORA LTDA;Pessoal;sim;MENSAL
ALVO;48401933000117;CONSORCIO CONSERVA-VITORIA;Pessoal;sim;MENSAL
ALVO;29236209000130;FINATTO COMERCIO LTDA;Contábil + Fiscal + Pessoal + Legalização;sim;MENSAL
ALVO;24166094000212;FINATTO DISTRIBUIDORA  DE EQUIPAMENTOS LTDA;Contábil + Fiscal + Pessoal + Legalização;sim;MENSAL
ALVO;24166094000131;FINATTO DISTRIBUIDORA DE EQUIPAMENTOS LTDA;Contábil + Fiscal + Pessoal + Legalização;sim;MENSAL
ALVO;66219345000220;MARTBEL COMERCIAL LTDA;Fiscal + Legalização;sim;MENSAL
ALVO;66328198000145;SOUZA DE ANGELI HOLDING LTDA;Contábil + Fiscal + Pessoal + Legalização;sim;MENSAL
CONTEXTO;04.432.048/0004-72;EMPORIO CARD LTDA - EPP;Contábil + Fiscal + Pessoal + Outros;não;NÃO INFORMADO
CONTEXTO;39.359.955/0001-75;EQUIMAQ EQUIPAMENTOS E MAQUINAS LTDA-EPP;Pessoal;não;MENSAL
CONTEXTO;08.053.031/0003-­84;ESCRITA INDUSTRIA E SERVICOS DE SUPRIMENTOS PARA ESCRITORIO LTDA;Contábil + Fiscal + Pessoal;não;MENSAL
CONTEXTO;32.463.085/0003-00;EUROPA COMERCIAL LTDA;Fiscal + Pessoal;não;MENSAL
CONTEXTO;20.207.244/0001-57;GRANDES LIVROS E PRESENTES LTDA;Contábil;não;MENSAL
CONTEXTO;08.943.295/0001-41;GSN DISTRIBUIDORA DE MATERIAIS ELETRICOS EIRELI;Contábil + Fiscal;não;NÃO INFORMADO
CONTEXTO;23.784.506/0001-34;HCN SAUDE SOLUCOES INTEGRADAS LTDA;Contábil + Fiscal;não;MENSAL
CONTEXTO;07.100.104/0001-17;HIPER ENTREGAMOS MIX DE MATERIAIS LTDA - ME;Pessoal;não;MENSAL
CONTEXTO;07.100.104/0002-06;HIPER ENTREGAMOS MIX DE MATERIAIS LTDA - ME;Pessoal;não;MENSAL
CONTEXTO;11.243.655/0001-07;HOX - INDUSTRIA DE OXICORTE E CORTE A PLASMA LTDA.;Contábil;não;MENSAL
CONTEXTO;08.614.527/0001-18;INTERCOMM LOGISTICA LTDA;Pessoal;não;MENSAL
CONTEXTO;35.736.946/0001-03;INTERVITA COMÉRCIO VAREJISTA E ATACADISTA LTDA;Contábil + Fiscal + Pessoal;não;NÃO INFORMADO
CONTEXTO;23.649.679/0001-40;INVICTA STONES LTDA;Contábil + Fiscal + Pessoal;não;MENSAL
CONTEXTO;08.824.171/0002-28;J. C. M. NITEROI REFRIGERACAO LTDA;Outros;não;MENSAL
CONTEXTO;08.824.171/0001-47;J. C. M. NITEROI REFRIGERACAO LTDA;Outros;não;MENSAL
CONTEXTO;15.464.376/0001-24;J. R. PEREIRA - COMERCIO E RECICLAGEM DE METAIS;Contábil;não;MENSAL
CONTEXTO;07.944.657/0001-56;LA VITA COMERCIO VAREJISTA E ATACADISTA DE PRODUTOS ALIMENTICIOS EIRELI;Contábil + Fiscal + Pessoal;não;NÃO INFORMADO
CONTEXTO;11.196.167/0001-96;M2I SERVICOS DE IMPLANTACAO DE SOFTWARE LTDA;Contábil + Pessoal + Outros;não;MENSAL
CONTEXTO;04.681.721/0001-65;MADOMI LAVIX CONSTRUTORA E SERVICOS LTDA - ME;Pessoal;não;MENSAL
CONTEXTO;14.470.327/0002-12;MARCUS VINICIUS DOMINGUES CANALI - ME;Contábil + Pessoal;não;MENSAL
CONTEXTO;05.360.514/0004-14;MARMI OROBICI DO BRASIL LTDA  FILIAL;Fiscal + Pessoal;não;MENSAL
CONTEXTO;02.930.870/0001-95;MBS TECNOLOGIA MARINHA LTDA;Contábil;não;MENSAL
CONTEXTO;21.857.368/0001-40;MESTRIA PSICOLOGIA E DESENVOLVIMENTO HUMANO LTDA - ME;Contábil + Fiscal + Pessoal;não;NÃO INFORMADO
CONTEXTO;14.937.214/0001-01;MILENIO CONVENIENCIA LTDA - ME;Contábil + Fiscal + Pessoal;não;MENSAL
CONTEXTO;03.460.381/0001-80;MR-9 PRESTAÇÃO DE SERVIÇOS LTDA - ME;Contábil + Fiscal + Pessoal;não;MENSAL
CONTEXTO;04.643.712/0001-80;MR COM INFORMATICA LTDA;Contábil + Fiscal + Pessoal;não;MENSAL
CONTEXTO;02.637.000/0001-22;MR TEL TELECOMUNICACOES LTDA;Contábil + Fiscal + Pessoal;não;MENSAL
CONTEXTO;17.828.200/0001-30;NEWROCK DISTRIBUIDORA DE FIOS DIAMANTADOS E IMPLEMENTOS PARA MINERAÇÃO LTDA;Contábil;não;MENSAL
CONTEXTO;17.450.723/0001-95;NEWROCK TRADE LTDA;Fiscal;não;MENSAL
CONTEXTO;32.601.382/0001-03;NORTHCOMM CONSULTORIA EMPRESARIAL LTDA;Contábil + Fiscal + Pessoal;não;MENSAL
CONTEXTO;23.402.345/0001-77;ORGANIZA DIGITAL LTDA - ME;Pessoal;não;MENSAL
CONTEXTO;05.595.540/0002-60;PARANA GRANITOS LTDA;Fiscal + Pessoal;não;MENSAL
CONTEXTO;32.385.800/0001-64;PIZZA MOSCHEM VILA VELHA EIRELI;Contábil + Fiscal + Pessoal;não;NÃO INFORMADO
CONTEXTO;07.597.544/0002-02;PNEUS BRASIL COMERCIO E RENOVADORA LTDA;Pessoal;não;MENSAL
CONTEXTO;06.238.880/0001.15;POLO ASSESSORIA E SERVICOS ADUANEIROS LTDA - EPP;Pessoal;não;MENSAL
CONTEXTO;15.003.120/0001-10;POSTO LM EIRELI;Contábil + Fiscal + Pessoal;não;MENSAL
CONTEXTO;10.349.821/0002-72 ;RAGEN LOCACAO E COMERCIO DE EQUIPAMENTOS LTDA;Fiscal;não;MENSAL
CONTEXTO;92.195.650/0005-81;REFRIGERAÇÃO CAPITAL LTDA;Fiscal + Pessoal;não;MENSAL
CONTEXTO;22.500.507/0001-­47;REI DAS JOIAS LTDA ­ ME;Contábil + Fiscal + Pessoal;não;MENSAL
CONTEXTO;31813363000170;ROOTING EXPORT EIRELI;Pessoal;sim;NÃO INFORMADO
CONTEXTO;13.648.919/0001-38;RV INVESTIMENTOS LTDA;Contábil + Pessoal;não;MENSAL
CONTEXTO;31.558.431/0001-00;SALUD COMERCIO VAREJISTA DE PRODUTOS ALIMENTICIOS E DESCARTAVEIS LTDA;Contábil + Fiscal + Pessoal;não;MENSAL
CONTEXTO;01.539.164/0001-54;SAO FRANCISCO ESCOLA DE CONDUTORES LTDA - ME;Contábil + Fiscal + Pessoal;não;NÃO INFORMADO
CONTEXTO;05.607.657/0013-79;SCANSOURCE BRASIL DISTRIBUIDORA DE TECNOLOGIAS LTDA;Fiscal;não;AVULSO
CONTEXTO;01.069.382/0001-72;SEI SERVICOS ENGENHARIA E INTALAÇÕES LTDA;Contábil + Pessoal;não;MENSAL
CONTEXTO;23.776.993/0001-93;SHHC SAUDE SOLUCOES INTEGRADAS LTDA;Contábil + Fiscal;não;MENSAL
CONTEXTO;11.172.115/0001-80;SOETA RESTAURANTE LTDA;Pessoal;não;MENSAL
CONTEXTO;27.648.647/0001-80;SOLUCAO INTEGRADA ASSESSORIA E CONSULTORIA LTDA - ME;Contábil + Fiscal + Pessoal + Outros;não;MENSAL
CONTEXTO;21.498.124/0004-61;TECHNOFOCUS COMERCIO, IMPORTACAO E EXPORTACAO LTDA;Contábil + Pessoal;não;MENSAL
CONTEXTO;43.390.996/0009-59;TEXTIL DALUTEX LTDA;Fiscal;não;MENSAL
CONTEXTO;01.737.012/0001-66;TKS SERVICE LTDA;Contábil + Fiscal;não;MENSAL
CONTEXTO;14402098000380;TOP DISTRIBUIDORA DE COSMETICOS LTDA;Contábil + Fiscal + Pessoal + Legalização;não;MENSAL
CONTEXTO;22.572.224/0002-91;TRI UP TRADE IMPORT EXPORT LTDA;Contábil + Pessoal;não;MENSAL
CONTEXTO;06.319.981/0003-82;UNISAM OFFSHORE AGENCIA MARITIMA E OPERADORA PORTUARIA LTDA;Contábil + Pessoal;não;MENSAL
CONTEXTO;06.319.981/0002-00;UNISAM OFFSHORE AGENCIA MARITIMA E OPERADORA PORTUARIA LTDA;Contábil + Pessoal;não;MENSAL
CONTEXTO;06.319.981/0004-63;UNISAM OFFSHORE AGENCIA MARITIMA E OPERADORA PORTUARIA LTDA;Contábil + Pessoal;não;MENSAL
CONTEXTO;10.441.417/0001-43;V3 HOLDING S/A;Fiscal;não;MENSAL
CONTEXTO;20.119.431/0001-89;VARGAS JR - EMPREENDIMENTOS COMERCIAIS LTDA;Contábil + Fiscal + Pessoal;não;MENSAL
CONTEXTO;20.861.706/0001-55;VITORIA DESENVOLVIMENTO EIRELI - ME;Contábil + Fiscal + Pessoal;não;MENSAL
CONTEXTO;04.257.245/0003-11;VITORIA MINING - MINERACAO IMPORTACAO E EXPORTACAO LTDA;Outros;não;MENSAL
CONTEXTO;00.338.678/0001-89;VITORIA STONE INDUSTRIA E COMERCIO S/A;Pessoal;não;MENSAL
CONTEXTO;00.338.678/0002-60;VITORIA STONE INDUSTRIA E COMERCIO S/A;Pessoal;não;MENSAL
CONTEXTO;22.477.902/0001­-56;W VIX EVENTOS, ENTRETENIMENTO E ADMINISTRACAO LTDA;Contábil + Fiscal + Pessoal;não;MENSAL
CONTEXTO;19.898.145/0001-80;ZORZAL TREINAMENTOS - ME;Contábil + Fiscal + Pessoal;não;MENSAL